{
  "project_info": {
    "project_number": "267045308273",
    "project_id": "app-dacn",
    "storage_bucket": "app-dacn.appspot.com"
  },
  "client": [
    {
      "client_info": {
        "mobilesdk_app_id": "1:267045308273:android:fb958f33cc315a24e6d8d0",
        "android_client_info": {
          "package_name": "com.example.sqlitedemo"
        }
      },
      "oauth_client": [
        {
          "client_id": "267045308273-atl970de0t287qt24n2n69h559sc12i4.apps.googleusercontent.com",
          "client_type": 3
        }
      ],
      "api_key": [
        {
          "current_key": "AIzaSyCsChrglVpH6ADlwVaRGLDCPVexQwueFIE"
        }
      ],
      "services": {
        "appinvite_service": {
          "other_platform_oauth_client": [
            {
              "client_id": "267045308273-atl970de0t287qt24n2n69h559sc12i4.apps.googleusercontent.com",
              "client_type": 3
            }
          ]
        }
      }
    }
  ],
  "configuration_version": "1"
}